EAN,Editeur
0193905729746,HP
4718017413060,Asus
4718017613088,Asus
0194721752635,HP
0193905728886,HP
4718017237185,Asus
5397184219331,Alienware
4719072689322,Msi
0194850307430,HP
0193905849130,HP
0193905797356,HP
0194632971873,Lenovo
4710180532258,Acer
4718017084901,Asus
4718017475396,Asus
4718017484398,Asus
3615993668518,HP
3615993664015,HP
3615993664008,HP
3615993668556,HP
4710180952223,Acer
5397184351338,Dell
4718017691925,Asus
4718017284905,Asus
0193386404668,Lenovo
6901443250882,Huawei
6901443304622,Huawei
0194778956284,Lenovo
3280191909314,Huawei
3280191909307,Huawei
3280192004018,Huawei
0194552415518,Lenovo
3663003673731,Samsung
3663003673724,Samsung
3663003679849,Samsung
6901443178186,Huawei
6901443250912,Huawei
8801643896898,Samsung
8801643898588,Samsung
8801643898113,Samsung
8801643378202,Samsung
8801643378219,Samsung
8801643988975,Samsung
8801643988951,Samsung
0192940012868,Lenovo
0192940710962,Lenovo
0193386048367,Lenovo
0194552945435,Lenovo
0193638079057,Lenovo
8801643322694,Samsung
8801643856168,Samsung
8801643842499,Samsung
8801643805470,Samsung
8801643856182,Samsung
0193638015840,Lenovo
0190199522466,Apple
0190199521568,Apple
0190199522916,Apple
0190199522015,Apple
0190199369108,Apple
0190199368224,Apple
0190199369542,Apple
0190199368668,Apple
3615993662301,Apple
3613560016342,Xiaomi
6934177713958,Xiaomi
3662515010959,Xiaomi
8806090094545,Samsung
8806090086724,Samsung
8806090086793,Samsung
8806090094583,Samsung
8806090094569,Samsung
8806090087028,Samsung
8806090082580,Samsung
8806090089190,Samsung
8806090082924,Samsung
8806090088810,Samsung
8806090083211,Samsung
8806090088988,Samsung
0190198805942,Apple
0190198806215,Apple
0190198806758,Apple
0190198807021,Apple
6901443299324,Huawei
6901443299317,Huawei
6901443299331,Huawei
3613560017431,Huawei
6901443329816,Huawei
6901443329793,Huawei
3613560017165,Huawei
6944284651135,Oppo
6944284651142,Oppo
6944284649903,Oppo
6944284649897,Oppo
6944284649347,Oppo
6944284649330,Oppo
6944284648937,Oppo
6944284648715,Oppo
6944284648944,Oppo
6941059628248,Xiaomi
6941059628255,Xiaomi
6941059628231,Xiaomi
6941059632382,Xiaomi
6941059632368,Xiaomi
6941059632399,Xiaomi
3662515013509,Xiaomi
6941059637639,Xiaomi
6941059637622,Xiaomi
6941059637615,Xiaomi
6941059634645,Xiaomi
6941059633921,Xiaomi
6941059634621,Xiaomi
6941059634638,Xiaomi
6941059634904,Xiaomi
6941059634911,Xiaomi
6941059634898,Xiaomi
3662515012755,
3760274860737,X Moov
3760274860898,X Moov
3660619407057,Seagate
4250059682962,Devolo
0606449142051,Netgear
0085854223089,CaseLogic
3700992516790,Mobilis
5051794028485,Targus
4010869298391,Panasonic
4010869288941,Panasonic
4010869283533,Panasonic
3355830060050,Sony
4549292081107,Canon
4547410339048,Fujifilm
4547410339024,Fujifilm
4010869272018,Panasonic
4548736087736,Sony
4905524986396,Sony
4548736001114,Sony
3520410045684,Parrot
3760173051946,Starblitz
6925281946301,JBL
8801643714147,Samsung
8801643769475,Samsung
4548736110250,Sony
4957812635141,Yamaha
8715946639635,Epson
6934177701788,Xiaomi
8806090199424,Samsung
8801643666668,Samsung
4548736095854,Sony
3663003023161,Brandt
4974019141497,Sharp
3663003023079,Brandt
8801643773755,Samsung
8801643774110,Samsung
8801643823078,Samsung
8718863019320,Philips
8801643823085,Samsung
4974019145464,Sharp
8806098386086,LG
8806098240876,LG
8718863019092,Philips
4974019969008,Sharp
3663004419147,Brandt
3264772576492,Thomson
4710180378504,Acer
3663003023154,JVC
8806098542314,LG
4719072658052,Msi
8801643601898,Samsung
3700035114396,Cabasse
3700035113986,Cabasse
3700035113931,Cabasse
3700035114693,Cabasse
3544056691098,Focal
3544050691049,Focal
0743878018998,Klipsch
0743878019018,Klipsch
3700035113979,Cabasse
3700035113924,Cabasse
0743878036121,Klipsch
0743878035766,Klipsch
0743878035636,Klipsch
0743878035643,Klipsch
5709009003801,Jamo
5709009003825,Jamo
5706937885431,Dynaudio
4961310146474,Audio-Technica
0846885010242,House Of Marley
4907034219070,Teac
4907034219094,Teac
4907034221868,Teac
6925281956171,JBL
7340055355117,Marshall
4548736044494,Sony
4548736047693,Sony
4548736047907,Sony
4548736072114,Sony
4548736072145,Sony
4548736072107,Sony
4548736072978,Sony
4548736073043,Sony
4548736072954,Sony
5099206088689,Ultimate Ears
7340055362436,Urbanears 
7340055367844,Urbanears 
7340055362450,Urbanears 
6925281911965,Harman France
6925281911910,Harman France
6925281912108,Harman France
6925281912054,Harman France
6925281945564,JBL
0193268969841,Lenovo
0193268969865,Lenovo
8806098192236,LG
7340055359603,Marshall
0810387030497,Portal From Facebook
0810387030503,Portal From Facebook
0810387030275,Portal From Facebook
0810387030282,Portal From Facebook
4548736053922,Sony
4548736053946,Sony
4548736044951,Sony
4548736007604,Sony
4905524992557,Sony
0878615099975,Skullcandy
0878615099968,Skullcandy
7340055362610,Adidas
7340055362429,Adidas
0190198828552,Beats
0190198447173,Beats
5707055046803,Jabra
5707055046780,Jabra
5707055046711,Jabra
6925281930157,JBL
6925281940293,JBL
6925281940286,JBL
6925281940279,JBL
6925281940316,JBL
0878615097254,Skullcandy
0017817658539,Bose
0017817658515,Bose
5707055046506,Jabra
5707055047725,Jabra
5707055046117,Jabra
5707055046537,Jabra
6925281955716,JBL
6925281955709,JBL
6925281955730,JBL
6925281955723,JBL
7340055332996,Marshall
4895229100473,Philips
4895229100480,Philips
8801643745356,Samsung
8801643745141,Samsung
8801643652616,Samsung
8806090059490,Samsung
0878615099418,Skullcandy
7340055337991,Urbanears 
4044155248906,Sennheiser
6951613992722,Philips
4210201308775,Oral B
4210201234746,Braun
4242002855080,Bosch
3045386373857,Krups
3700342437614,Krups
3700342437676,Krups
3700342441307,Krups
3519280113951,Magimix
3519280113999,Magimix
3519280113890,Magimix
8710103844761,Philips
8710103893325,Philips
3663004384575,Proline
4210201124825,Oral B
4210201281719,Braun
4210201285786,Braun
3094570147545,Terraillon
3121040075289,Calor
3121040076460,Calor
3663004292153,Proline
3663004236720,Proline
4242005096619,Bosch
8004399326774,Delonghi
3700342439571,Krups
3700342440126,Krups
8710103871644,Philips
5413184901714,KitchenAid
3615993661885,Proline
3663004308939,Proline
3663004314022,Proline
7332543683444,Electrolux
5413184400453,KitchenAid
3045385782698,Krups
3519280115382,Magimix
3519280115399,Magimix
3519280115405,Magimix
3519280115412,Magimix
3615993661878,Proline
3016661137068,Moulinex
3045386377749,Moulinex
3416879810935,Simeo
3663003673380,Proline
3519280116679,Magimix
4242002897424,Bosch
4012467940320,Dirt Devil
7332543692781,Electrolux
3760281940057,Faure
3760124954869,H.koenig
3663002001795,Proline
3221610126806,Rowenta
3221614006296,Rowenta
3221614004988,Rowenta
7332543591916,Electrolux
8016361950603,Hoover
3663004383554,Proline
3221614005220,Rowenta
3221614007422,Rowenta
3221614004261,Rowenta
0810841012878,Neato
0810841013073,Neato
3121040071809,Calor
3121040075227,Calor
3121040065907,Calor
3121040073148,Calor
8710103824480,Philips
8710103905189,Philips
8710103685029,Philips
3030050110074,Babyliss
8710103854517,Philips
3168430267954,Tefal
3760273481018,Velair
3760273481001,Velair
3760273481025,Velair
6970244526816,Xiaomi
6970244526823,Xiaomi
6934177707414,Xiaomi
3305919988751,
3305919988768,
5025232883066,Panasonic
3760170861685,Urban Factory
3663004271134,Temium
0888462815154,Apple
0888462405393,Apple
5051794022414,Targus
8806088673653,Samsung
8806088325132,Samsung
8806086767798,Samsung
3567045018423,Port Designs
8806088325149,Samsung
3663004391115,Temium
3700539509018,Ibroz
3663004391160,
0888462660464,Apple
3663004170703,
3663004170734,
3663004290142,Temium
0811571018338,Google
0842776106179,Google
0747192125509,Polk
0747192118785,Polk
0747192125493,Polk
3700035113016,Cabasse
0011120253436,Bissell
0011120253368,Bissell
8016361933231,Hoover
3221610128008,
8016361997899,Candy
3508519210004,Fagor
0193268957879,Lenovo
0193386636779,Lenovo
4710180820621,Acer
0194850368912,HP
3121040077405,Calor
3121040078594,Calor
3121040075517,Calor
8710103813170,Philips
8710103824633,Philips
3121040075340,Calor
4210101392812,Rowenta
3121040057452,Moulinex
3121040072950,Calor
3663002850683,Proline
3121040062944,Calor
3121040065471,Rowenta
3707346025229,Steamone
3707346025175,Steamone
3663002850706,Proline
5025155017838,Dyson
8710103892588,Philips
8710103931638,Philips
3045386368471,Krups
3615993661892,Proline
3384349124625,Beaba
8690842158957,Beko
8690842041068,Beko
3519280113517,Nespresso
3016661155888,Moulinex
5413346339942,Kalorik
5011832043108,Morphy Richards
5011832050595,Morphy Richards
8710103822639,Philips
3700342441321,Krups
8801643711269,Samsung
4951035067147,Denon
3094570128865,
3030050145526,Babyliss
3030050140385,Babyliss
3121040076507,Calor
3121040053409,Calor
3465814280333,Okoia
7290016025361,Epilady
3121040070048,Calor
5025232678679,Panasonic
5025232846153,Panasonic
8710103780403,Philips
8710103780427,Philips
3030050126228,Babyliss
3094570140607,Terraillon
0642968070697,Sevenhugs
8710103764656,Philips
3663003673496,Okoia
8712856056514,Silk'n
3663004188142,Okoia
3700904010040,Kolibree
3663004241656,Okoia
3030050122244,Babyliss
3663004241670,Okoia
5025232937240,Panasonic
5025232859566,Panasonic
3121040076637,Calor
4210201261506,Oral B
5705260062977,B&O Play
8806090318726,Samsung
8806090365485,Samsung
8806090357299,Samsung
8806090391637,Samsung
8806090365492,Samsung
5901292512903,Tcl
8806090391996,Samsung
8801643630775,Samsung
8806090491542,Samsung
8806090323966,Samsung
4242005175789,
7332543675586,
8003437203961,
3663003668096,Thomson
3663003668072,Thomson
3663003668027,
3663003668089,Thomson
3663003668065,Thomson
7332543616053,
8806087101157,LG
8690842195976,
8690842196065,
3663004195621,Moulinex
3663003856677,
8017709214210,
8017709214999,
7332543553273,
8017709281236,
7332543560646,
8003437208225,
8016361988767,
8003437722141,
4016803033776,
3527570061455,
8016361994201,
8016361965386,
7332543662401,
3527570058318,
3527570066337,
8003437236815,
7332543606368,
8016361943100,
8050147543375,
8806088732480,
7332543610990,
7332543761654,
3663004412735,
3663003664395,
8801643803490,
7332543534982,
8050147536810,
4002516303244,
8050147587850,
8050147531853,
6133826002157,
7332543736119,
8016361995000,
8050147016268,
8806098509997,
3663004284288,
3663004212717,
4242002995090,
3663002000781,
4002515656471,
3660767962040,
3663003664548,
8016361957435,
8801643220365,
8806323379968,
8806323369877,
8806323324579,
7332543518579,
4242005047369,
8003437834608,
8003437835056,
4242005033591,
4242003671696,
4242004181835,
4242004241553,
8003437603495,
8016361970229,
8003437396403,
8016361966208,
8003437601781,
4242005092222,
4242003757406,
7332543620463,
8003437831256,
4242002726458,
0190198828354,Beats
0190198948236,Beats
0190199032385,Beats
0190199032439,Beats
0190199032484,Beats
0190199032637,Beats
0190198828453,Beats
0190198828651,Beats
0190198447081,Beats
0190198755490,Beats
0190198461162,Beats
0190198461254,Beats
0888462602761,Beats
0888462602792,Beats
0888462602822,Beats
0888462602853,Beats
5706937885417,Dynaudio
3663003679856,
0193905730452,HP
0194778074179,Lenovo
0194632743494,Lenovo
0193905557431,HP
4718017403962,Asus
5397184349977,Alienware
4718017403832,Asus
8714574657660,Canon
4010869204385,Panasonic
0811138030926,Fitbit
0811138030964,Fitbit
0811138033491,Fitbit
8718699741211,Philips
8801643741518,Samsung
8801643741976,Samsung
8801643740900,Samsung
8801643779634,Samsung
6417084205834,Suunto
0811138034207,Fitbit
0811138034122,Fitbit
8718696170724,Philips
7322460055417,Doro
7322460055400,Doro
4250366842844,Gigaset
4250366853642,Gigaset
5025232883042,Panasonic
3760069955709,Tom Tom
8801643396602,Samsung
8801643396886,Samsung
0854448003891,Nest
0753759173203,Garmin
0634868929038,Traeger
0634868929021,Traeger
3016661154669,Moulinex
3663004195843,Proline
3615993660017,Proline
5038061101331,Russell Hobbs
3663003668614,Proline
3523930090967,Livoo
3508510016544,Fagor
3508510014274,Fagor
5413346340382,Kalorik
3485619931209,Kitchen Chef
3523930091179,Livoo
8414234684448,Taurus
3760256554326,Revoe
8719324556873,Ninebot By Segway
3700092655931,Urbanglide
8719324556828,Ninebot By Segway
3701122100834,
3701134905236,Hoverdrive
3701134905267,Hoverdrive
0751492625683,Pny
3536401519386,Pny
3536401519379,Pny
5099206029347,Logitech
5099206027169,Logitech
8712581622169,Philips
8712581644130,
7640166320111,Skross
7640166320265,Skross
8886419343301,Razer
3663003673793,Western digital
0050644755491,Monster Cable
3322101152806,Cgv
8716184063749,One for all
8712285339844,Vogel's
8712285342745,Vogel's
5036446809827,Varta
5036446809810,Varta
5036446808301,Duracell
5036446808219,Duracell
5412479015815,Sony
8718309259174,Sodastream
4006387093846,Brita
4006387072254,Brita
4006387072230,Brita
4006387061241,Brita
4006387061265,Brita
4006387072216,Brita
4006387061227,Brita
4006387051761,Brita
8015250666304,Wpro
8015250479850,Wpro
8015250750836,
8015250735796,
8015250479683,Wpro
3224780036456,Eno
3224780033264,
8437013651318,
3322126673287,
0077924035654,Weber
0077924032042,Weber
3224780032564,
8437010174926,
3663004033893,Cooky
3663004065382,Cooky
3663004208673,Cooky
8015250046236,
8015250046212,
8015250685732,Wpro
3662738018190,
3662738017940,
8015250044577,
3168430302181,Seb
3045380011151,Seb
3045380011021,Seb
3045380011038,Seb
3168430294400,Tefal
3168430302907,Tefal
3168430269194,Tefal
3168430269200,Tefal
3168430269217,Tefal
3168430269187,Tefal
3168430269163,Tefal
3168430269224,Tefal
3168430269170,Tefal
3508510098557,Arthur martin
3168430286672,Tefal
3168430286696,Tefal
3168430286689,Tefal
3168430288096,Tefal
3168430288041,Tefal
3168430288058,Tefal
3168430288034,Tefal
3168430286665,Tefal
3168430288027,Tefal
3168430286641,Tefal
3465814338317,Cooky
3465814347173,Temium
8710225008331,Widex
3663003667433,Temium
3663003667471,Temium
3663004361729,Temium
3662738007439,Harper
8711000898949,Maison du café
8711000360491,Maison du café
8711000360576,Maison du café
8711000360477,Maison du café
8711000360514,Maison du café
8711000360590,Maison du café
8711000360569,Maison du café
8711000360538,Maison du café
3228470032568,Senseo
3228470065177,Senseo
3228470065214,Senseo
3228470038188,Senseo
3228470065252,Senseo
3228470065337,Senseo
3228470065290,Senseo
3228470057561,Senseo
8711000366530,Tassimo
8711000539798,Tassimo
8711000520420,Tassimo
8711000500460,Tassimo
8711000500583,Tassimo
8711000363706,Tassimo
8711000400579,Tassimo
8711000400548,Tassimo
8711000423172,Tassimo
3168430300965,Tefal
4002515719527,Miele
4002515719534,Miele
3663004416801,Okoia
3663004372527,Okoia
3663004372510,Okoia
4002515767207,Générique
4002515767412,Miele
4002514399164,
4002514358772,Miele
8710103940913,Philips
3662738019708,HYDRO
8710103850809,Philips
3662738016004,Yoghi
3700206721316,Elite Models
4210201151760,Braun
3700206706191,Frank Provost
5011423191591,Kenwood
5413184000868,KitchenAid
4242002853376,Bosch
5011423205229,Kenwood
3416879744377,Simeo
3519280021720,Magimix
3519280180953,Magimix
3519280854243,Magimix
3663003673502,Proline
4242002909608,Bosch
8433766120255,SOLAC
3663004382649,Proline
8690842097973,Beko
7332543494934,Electrolux
3519280851099,Magimix
3016661157011,Moulinex
3030050162806,Cuisinart
3094570145374,Terraillon
3760281941238,Faure
3045386373338,Moulinex
3663003673403,Proline
3663002001696,Proline
3016661145308,Tefal
0192143000846,Agfaphoto
3663003671133,Samsung
8806088888514,Samsung
8801643919351,Samsung
0619659149598,SanDisk
0718037850689,Western digital
0718037850696,Western digital
0718037847962,Western digital
0718037848433,Western digital
0718037848242,Western digital
0718037850887,Western digital
0718037869469,Western digital
3660619405367,Seagate
0889842470789,
0889842329872,
3662738019845,Harper
3544052801507,Focal
0050644769894,
0050644769900,
0050644717307,Monster Cable
0050644766374,Monster Cable
0050644715549,Monster Cable
0050644715518,
3465813894401,Temium
8712285317446,Vogel's
8716184066597,One for all
8716184066658,One for all
8716184053948,One for all
8716184043215,One for all
8716184067525,One for all
3663003677296,Proline
8712285339783,Vogel's
8718182273434,Xtorm
8718182273410,Xtorm
5014117002746,AVF
6941921146085,HyperDrive
6941921146160,HyperDrive
6941921145514,HyperDrive
6941921145507,HyperDrive
6941921144883,HyperDrive
3663004422369,
3683080097275,
3683080098401,
3700922041552,
3700922000085,
3700922000016,
3700922055566,
3700922000009,
3700922041569,
3700922055559,
3700922000108,
3700922000061,
8718291788386,
8718291192862,
8718291788423,
3700922000030,
8718696562727,
3683080024035,
3683080024110,
3683080100111,
3683080101415,
3683080097343,
4008496677986,
3663004387606,Temium
3663004387422,Temium
3663004387521,Temium
4895185613017,Philips
4895185613000,Philips
3760110685159,Watt&Co
3760110684213,Watt&Co
3760110685142,Watt&Co
3760110684206,Watt&Co
0190199164291,Apple
0190199112124,Apple
0190199114272,Apple
0190199112919,Apple
0190198392893,Apple
0190199127425,Apple
0190198714435,Apple
0190199129221,Apple
0190199112506,Apple
0190198711465,Apple
0190198393739,Apple
0190199164734,Apple
0190198087461,Apple
3305919581396,Apple
0190198711878,Apple
0190198202444,Apple
0190198733450,Apple
0190198087904,Apple
0190198801654,Apple
0190199128323,Apple
0190198394156,Apple
0190199165175,Apple
0190198714848,Apple
0190198707802,Apple
0190199127876,Apple
0190199048720,Apple
0190199165618,Apple
0190199115170,Apple
0190198802071,Apple
0190199115200,Apple
0190199129672,Apple
0190199128774,Apple
0190198880321,Apple
0190198879998,Apple
0190198872340,Apple
0190198872050,Apple
0190198879004,Apple
0190198871183,Apple
0190198879660,Apple
0190198879332,Apple
0190198871763,Apple
0190198878342,Apple
0190198878014,Apple
0190198829801,Apple
0190198829146,Apple
0190198827296,Apple
0190198817419,Apple
0190198817136,Apple
0190198648969,Apple
0190198649836,Apple
0190198650122,Apple
0190198313584,Apple
0190198720399,Apple
0190198314642,Apple
0190198649256,Apple
0190198313287,Apple
3663004279376,Temium
3663004279383,
3663004340588,
3663004042161,
3663004144575,
8806088780160,Samsung
3571211280507,Blueway
0660543402978,LifeProf
8801643106188,Samsung
8806086859912,Samsung
8806088686837,Samsung
8806088458731,Samsung
8806088936215,Samsung
3571211358770,BigBen
8801643651367,Samsung
3700738111593,Wiko
3663004081818,Temium
3663004197533,Temium
3700764704110,Crosscall
3536403358624,
3663004249218,
8801643365127,Samsung
3663004359191,Temium
8436557693990,Dodo Et Cat
5060134697793,QDOS
0190198763228,Apple
3663111142822,Muvit For Change
3700668407049,Façonnable
6950941484510,Xdoria
4894465477097,ITSKIN
0190199288379,Apple
8033830280696,Puro
3571211399025,BigBen
5060134699162,QDOS
3571211425274,BigBen Connected
0190199288591,Apple
3664234000761,BeetleCase
3664234000792,BeetleCase
3664234000631,BeetleCase
5706662207287,Element
5706662207096,Element
3663111142761,Muvit For Change
3664234000426,BeetleCase
3571211392767,Big Ben Connected
3664234000891,BeetleCase
0190198763624,Apple
4894465120795,ITSKIN
3663111142792,Muvit For Change
3571211426851,ARTEFAKT
3571211426936,ARTEFAKT
3571211427612,ARTEFAKT
5060475902358,OtterBox
0660543470151,OtterBox
3571211426875,ARTEFAKT
5060475902501,LifeProf
6950941484503,Xdoria
3664234000860,BeetleCase
3571211427605,ARTEFAKT
3664234000365,BeetleCase
0660543435204,LifeProf
0660543435181,Otter products
5060475902129,OtterBox
3571211426967,ARTEFAKT
3571211426868,ARTEFAKT
3571211426882,ARTEFAKT
3664234000310,BeetleCase
0660543432340,LifeProf
3571211427629,ARTEFAKT
5060475902471,LifeProf
0819859010715,LifeProf
5060475902556,LifeProf
3571211412342,Big Ben Connected
8033830274268,Puro
8809566579065,Samsung
3663111143829,Muvit For Change
3663111143812,Muvit For Change
5060475903041,OtterBox
8806090029264,Samsung
3571211392613,Big Ben Connected
8801643900410,Samsung
8809576961119,Samsung
5060475901221,OtterBox
8809576961195,Samsung
0660543445760,LifeProf
5060475901368,
5060475901344,
8809576961096,Samsung
5060475901061,
8809576961171,Samsung
8809576961102,Samsung
8809576961188,Samsung
5060475901177,
0660543444664,LifeProf
6901443217526,Huawei
3571211426189,BigBen Connected
6901443140336,Huawei
3571211398684,BigBen
6438409024114,Nokia
3663111116717,Muvit
3663111057706,Made For Xperia
3571211398547,BigBen
3571211398219,Big Ben Connected
3571211398189,Big Ben Connected
3571211398097,Big Ben Connected
3571211398127,Big Ben Connected
3571211398363,Big Ben Connected
3571211398639,BigBen
3571211398240,Big Ben Connected
3571211398516,BigBen
3571211398578,BigBen
3571211397946,Big Ben Connected
3571211398066,Big Ben Connected
3571211398158,Big Ben Connected
3571211398332,Big Ben Connected
3571211398608,BigBen
3571211398455,Big Ben Connected
3571211397977,Big Ben Connected
3571211398394,Big Ben Connected
3571211398004,Big Ben Connected
3571211398301,Big Ben Connected
3571211398486,Big Ben Connected
3571211398424,Big Ben Connected
3571211398035,Big Ben Connected
3571211398271,Big Ben Connected
5060475903720,
3663111128697,Muvit
7394090900719,Krusell
3571211417378,BigBen
3571211414940,Forceglass
3571211401254,Big Ben Connected
3760170862668,Urban Factory
3760170857886,Urban Factory
3492548208715,Energizer
8055002395892,Mojipower
0858084004038,Misfit
0858084004045,Misfit
4010869253260,Panasonic
4010869272001,Panasonic
4014759000620,Fujifilm
4545350050849,Olympus
4547410325294,Fujifilm
4548736021709,Sony
4010869274456,Panasonic
4905524958263,Sony
4547410343588,Fujifilm
4547410343564,Fujifilm
5025232650545,Panasonic
5025232805044,Panasonic
4010869205184,
0018208878970,
4547410374261,Fuji
4547410374247,Fuji
4545350044701,Olympus
4545350006778,
5025232488292,
0085126350659,Sigma
5025232883882,Panasonic
5025232537358,
5025232638048,Panasonic
5025232595693,Panasonic
8806071091129,Samsung
3663003670228,
4545350023348,Olympus
5025232805198,
4905524642094,Sony
4545350039035,Olympus
3465815166780,
3465815167831,
3465815169453,
3465815176079,
3465815180502,
3465815188249,
3465815193403,
3465815194646,
3465815196268,
3465815208534,
3465815209340,
3465815209777,
3465815256429,
3465815549873,
3465815757124,
3465816241363,
3465816317365,
3465816318171,
3465816487365,
3465816487525,
3465816487600,
3465818597376,
4901780401512,
3465810394409,
5705796030747,
5705796140101,
3544058821127,Focal
4961330037332,Onkyo
0017817581059,
4988001514985,Denon
0017817338615,
0017817351560,
0017817323116,
4961330015989,
4560119537034,
0017817581011,
0017817536646,
0282925039314,Harman France
3700035108722,
5014024240873,
4957812418225,
4582116360507,Denon
4582116360491,Denon
4957812405737,
5709009937106,Jamo
5709009937113,Jamo
4957812462709,
4957812462693,Yamaha
4957812462594,Yamaha
4005522927527,
4250019108938,
0012562970967,Pioneer
4988028000775,Pioneer
4957812481922,
4957812482066,Yamaha
4957812482134,Yamaha
4988028003950,
3760108805316,
3700035110992,Cabasse
5709009897318,
4988028157196,Pioneer
4988028152054,Pioneer
4988028152092,Pioneer
0017817556705,Bose
5703120221175,
0743878022131,Klipsch
0743878021868,
0743878021776,
4988028160578,Pioneer
4582116367650,
4582116367667,Denon
4582116367674,Denon
4582116367681,Denon
3544051691031,Focal
3544050691032,Focal
3544059691026,Focal
4582116367339,Denon
4951035048849,Marantz
3544058690303,
3544057690304,
3544053691954,
3544053690117,Focal
3544054690123,
3544056691029,Focal
3544059690302,
3544054691113,
3544053801506,
3760108805187,
4957812523783,Yamaha
4907034217946,
4907034218103,
3700035111739,Cabasse
3700035111746,Cabasse
5703959107619,Eltax
3700035113436,Cabasse
3700035112613,
5036694032619,
5036694032626,
5036694032510,
5036694032534,Q Acoustics
5036694032541,Q Acoustics
3700035111784,
5709009000312,
3760186790382,Micromega
3760186790399,
3760186790467,
3760186790474,
3544054691243,Focal
3544055691099,Focal
4951035051146,Marantz
4957812538725,
4957812538480,
8712581699895,Philips
4951035052037,Denon
3544055691242,Focal
5709009000336,
3544054691281,
3544053691312,Focal
3544055691310,Focal
4951035052945,Denon
3544051691406,Focal
3544050691407,Focal
3544056691036,Focal
3544051697057,
3544052697056,
3544053697055,
3544059697059,Focal
0820103857185,
0634654605955,
8806084600141,
4957812496278,Yamaha
4957812574235,Yamaha
0282922643132,
4957812575959,Yamaha
4716659533467,
5703959107473,Eltax
3544051691314,
4988028264825,
4988028264832,
4988028275487,
4951035054437,Marantz
4951035054420,
4951035054468,
4951035052105,Marantz
4951035054345,
0017817695626,
0017817695633,
0017817695640,Bose
0017817692052,Bose
0747192120931,Polk
4961330039442,
4961330034737,
4961330030692,Onkyo
5703959104861,
5703959106278,
5036694039588,Q Acoustics
5036694039434,Q Acoustics
5036694039564,Q Acoustics
5036694039465,Q Acoustics
5036694039410,Q Acoustics
5036694039489,Q Acoustics
5036694039625,Q Acoustics
5036694039472,Q Acoustics
5036694039595,Q Acoustics
5036694039496,Q Acoustics
5036694039656,Q Acoustics
4961330039343,
4957812591515,Yamaha
4957812587709,Yamaha
4951035056745,
4957812587495,
4957812591690,Yamaha
4957812591645,Yamaha
0017817701020,Bose
3700035113269,Cabasse
3700035113122,Cabasse
3700035113115,Cabasse
0093207089312,
3700035113689,
3544056691340,Focal
3544057691349,Focal
3544059691347,Focal
3544058691966,Focal
4961310135041,Audio-Technica
4961310135058,Audio-Technica
5055145747728,Audio-Technica
4961310135072,Audio-Technica
5055145748176,Audio-Technica
4957812600286,Yamaha
4957812600354,Yamaha
4957812598835,Yamaha
4907034218769,Teac
4907034218745,Teac
3760191644755,Halterrego
3760191644762,Halterrego
3760191644809,
4961310134853,
3760221804043,
5703959230454,Tangent
4907034218776,Teac
5036694032749,Q Acoustics
5706937602427,
5706937604230,Dynaudio
5706937606227,Dynaudio
5036694032787,Q Acoustics
5036694039397,Q Acoustics
5036694032824,
5036694032770,Q Acoustics
5036694032718,Q Acoustics
5036694032756,Q Acoustics
5036694039755,
3760191644731,Halterrego
3700035113375,
3700035113320,
4907034205127,
4961310016388,Audio-Technica
4961310009885,Audio-Technica
3544050691995,
4951035057735,Denon
4951035057490,Denon
4951035057681,Denon
4573211150766,Onkyo
4573211151916,Onkyo
4573211151923,Onkyo
4573211151992,Onkyo
4573211151145,Pioneer
4573211151183,Onkyo
4573211151190,
4951035057704,Denon
4951035057711,Denon
3760191644960,Halterrego
5055145748336,Audio-Technica
3760191645035,Halterrego
3760191645011,Halterrego
3760191645028,Halterrego
4957812617635,Yamaha
4957812616966,
4573211152388,Onkyo
4573211152456,Onkyo
3544052691085,Focal
4951035060414,Denon
4961310136949,Audio-Technica
4573211152494,
0017817699143,Bose
5709009000565,Jamo
4988028012600,Pioneer
4975769454684,JVC
5036694039885,Q Acoustics
4573211150322,
4951035060964,Marantz
3760191644632,
3700795191156,Elipson
3700035114648,Cabasse
4957812628327,Yamaha
4957812620307,Yamaha
3760191645042,Halterrego
4951035065174,Denon
3700031719618,DEA
0846885008713,Marley
5703959120618,Tangent
0846885010044,House Of Marley
4961310146146,Audio-Technica
4013175229400,Yamaha
3700031719991,Iggy Pop
3662738002090,Dynabass
4957812616591,Yamaha
4957812629058,Yamaha
0743878031010,Klipsch
4951035065112,Denon
4951035065235,Marantz
4573211153613,Pioneer
4573211151763,Onkyo
4573211154658,Onkyo
4951035069707,Denon
5013493371347,Sony
3544055691075,Focal
4573211153521,Onkyo
0743878039481,Klipsch
5703120274720,Nad
3663004358453,Hemera
3663004325844,Hemera
7290100289112,
3663004343251,Hemera
3663004344746,Hemera
3663004336147,Hemera
3663004336253,Hemera
3663004344753,Hemera
3663004336215,Hemera
3663004343268,
7290105213518,
3130909133213,Fujifilm
0085854231015,Case Logic
0056035365133,Lowepro
8024221646658,
0056035368936,Lowepro
0056035368707,Lowepro
4710984365458,Iso Photo
3663004358446,Hemera
0085854225694,CaseLogic
0085854233606,
0056035364600,
0024066051691,
0024066051684,
0817024012717,
0751751040165,
3760173048373,
0056035367717,Lowepro
0056035369568,Lowepro
3355830024076,
0840102164497,Polaroid
3660662019764,Fujifilm
0056035369551,Lowepro
0056035371707,Lowepro
0056035368998,Lowepro
4000461091582,Iso Photo
8024221687279,Manfrotto
3303170073865,T'nB SA
3303170073858,T'nB SA
3303170073889,T'nB SA
0888462503198,Apple
3663004246187,Dcybel
3663004246163,Dcybel
3663004145053,Dcybel
6925281928055,JBL
3663004287500,Dcybel
4044155204711,Sennheiser
0017817652520,Bose
6925281922589,Akg
0888462495639,Beats
6925281918148,JBL
6925281918094,JBL
5707055038266,Jabra
6925281928062,JBL
0848061067439,Anker
5710957010766,Libratone
0190198423429,Beats
4974019103877,Sharp
4548736048799,Sony
4974019103815,Sharp
0047532914351,Ihome
4548736074682,Sony
7340055319348,Marshall
0888462859875,Beats
0888462859899,Beats
3523210020882,Beats
6925281914188,JBL
4895185613208,Philips
5425025789528,Movincam
3264772576157,Takara
5425025787326,Movincam
3520410045547,
5425025789450,Movincam
0818279010954,GoPro
5425025789498,Movincam
3264772576935,Thomson
3264772576072,R'bird
3663004238403,
6970078071162,Feiyutech
0818279015157,GoPro
0818279015416,GoPro
5425025789597,Movincam
6958265188480,Dji
0818279010732,GoPro
3355830021877,
0818279010312,GoPro
0185323000224,GoPro
0818279022087,GoPro
3380743047225,
0818279017458,GoPro
6958265134715,Dji
6958265188237,Dji
0818279023916,GoPro
6958265137747,Dji
0818279024074,GoPro
0818279010800,GoPro
0818279018493,GoPro
0818279023824,GoPro
0818279011647,GoPro
0818279016222,GoPro
0818279023848,GoPro
0818279023794,GoPro
0818279023305,GoPro
6958265191091,Dji
6970194085340,Zhiyun
6970194085333,Zhiyun
4549292139754,Canon
0818279015720,GoPro
0818279023886,GoPro
0818279023770,GoPro
6958265162381,Dji
0818279023114,GoPro
0818279015713,GoPro
3264772575976,Takara
6970194084589,Zhiyun
0185323000996,GoPro
6970078071780,Feiyutech
0818279023015,GoPro
6970194085784,Zhiyun
0818279023299,GoPro
5407005920282,Midrone
6958265148699,Dji
0818279023817,GoPro
4975769460869,JVC
0818279021165,GoPro
6958265122910,Dji
0818279023879,GoPro
0026649564048,Ricoh
6970194085814,Zhiyun
0818279013993,GoPro
0818279023312,GoPro
6958265121173,Dji
6970194085517,Zhiyun
6970194085524,Zhiyun
0818279023442,GoPro
5407005920251,Midrone
6970801333536,PGY
0817024013301,Joby
6958265179785,Dji
5407005921173,Midrone
0636926073684,
5025232752713,
5425025789344,Midrone
3520410039362,Parrot
0818279023831,GoPro
3760009171022,
6958265149207,Dji
0818279014754,GoPro
0056035369179,Lowepro
3760170850504,
3760009171053,
6958265124884,Fnac
5055387629738,
0817024012915,Joby
0818279017441,GoPro
6970078071018,Feiyutech
6970801332546,PGY
3770008171060,HP
0192545379410,HP
3770008171077,HP
0190780225578,HP
3770008171091,HP
3305912613001,HP
8715946522371,Epson
8715946529028,Epson
8715946622521,Epson
6943279420428,Wiko
6943279417145,Wiko
6943279416193,Wiko
6943279420459,Wiko
8806088724874,Samsung
3662515004194,Samsung
0840023201455,Motorola
3662515012502,Motorola
0840023201356,Motorola
3662515013479,OPPO
3662515013486,OPPO
6901443262427,Huawei
6901443262434,Huawei
6901443262441,Huawei
6901443262366,Huawei
6901443262373,Huawei
6901443262380,Huawei
6901443251117,
6901443251094,
6901443214655,Huawei
6901443214662,Huawei
6901443214693,Huawei
6901443214709,Huawei
6901443217403,Huawei
6901443217410,Huawei
6901443217427,Huawei
6944284645080,Oppo
6944284645097,Oppo
3662515011765,Oppo
3662515011772,Oppo
6944284641129,Oppo
6944284641136,Oppo
6941059628217,Xiaomi
6941059609766,
6941059609759,Xiaomi
6941059609742,Xiaomi
3662515000509,
6941059609797,
6941059609803,Xiaomi
6941059609780,
6941059620631,Xiaomi
6941059620648,Xiaomi
3700764703915,Crosscall
3700764705971,Crosscall
0190198057334,Apple
0190198057730,Apple
0190198058133,Apple
0190198058539,Apple
0888462564441,Apple
0888462564809,Apple
0888462565523,Apple
0888462565165,Apple
0190198061058,Apple
0190198061454,Apple
0190198061850,Apple
0190198062253,Apple
0888462570350,Apple
0888462571432,Apple
0888462571074,Apple
3663262044990,Apple
3663262045034,Apple
3663262044952,Apple
3663262049117,Apple
3663262031068,Appler
3663262031105,Appler
3663262057273,Apple
3663262057266,Apple
0018208937424,Nikon
4549292083583,Canon
4905524979237,Sony
8714574627823,Canon
0027075274198,Pentax
8714574656168,Canon
4549292116571,Canon
8714574657561,Canon
0018208993864,Nikon
0018208997220,
4549292132717,Canon
4548736032279,Sony
0085126508456,Sigma
0085126508272,Sigma
0085126508555,Sigma
4905524359367,
0018208021765,
4905524340518,
4545350022945,
4905524359343,
4905524741513,
0085126690564,
4960999627625,
4905524458312,
0085126910341,
0018208021796,Nikon
0018208021963,Nikon
0085126883553,Sigma
4960999970295,Canon
0018208021789,Nikon
4960371004624,Tamron
4905524415612,Sony
4960999212715,
0018208019328,Nikon
0085126509552,Sigma
0085126509279,Sigma
4960999575070,Canon
0085126509347,Sigma
4960999214085,Canon
4960999416632,Canon
4960999354989,Canon
4960999272368,Canon
0085126346447,Sigma
4960999240169,Canon
5025232531837,
4960999214078,
0085126572549,
0085126508449,
0085126876623,
0018208019076,
4905524677805,
0018208037100,
0018208270132,Nikon
4960999355191,Canon
0085126883546,Sigma
0085126210625,Sigma
0085126884628,
0018208270545,
4905524612820,
5025232774210,Panasonic
8714574614021,
8714574593623,Canon
0018208948055,
4549292091328,Canon
0018208957286,Nikon
0018208954537,Nikon
4549292091502,Canon
8714574637518,Canon
0018208949984,Nikon
0085126928155,
0018208021970,Nikon
0013803220742,Canon
0085126201272,Sigma
4960759150455,Nikon
0018208946983,Nikon
8714574659947,Canon
8714574648699,Canon
8714574650586,Canon
8714574625027,Canon
0077924036538,Weber
0077924041068,Weber
0077924063282,Weber
0077924074769,Weber
0077924021633,Weber
0077924011153,Weber
0077924011894,Weber
0077924007019,Weber
0077924074882,
0077924019135,Weber
0077924075247,Weber
0077924004353,Weber
0077924075063,
3700342428452,Krups
3700342428445,Krups
3700342428438,Krups
7610917152476,Jeujura
8017709197612,Smeg
3045386377558,Tefal
7610917152452,Jura
0810841013110,Neato
5060359289131,Irobot
5060359287236,Irobot
5060359283900,Irobot
3221614003660,Rowenta
8051277856205,
5028683118671,
5052263046610,
3760071190228,Homido
8801643496722,Samsung
0811138031046,Fitbit
3662180000859,Isetwatch
3662180000873,Isetwatch
7640158011249,Mykronoz
0725882028217,Polar
0725882028187,Polar
8806088960562,Samsung
8806088960449,Samsung
3322863069220,SHAPEHEART
3760118940236,
4057749657848,Bosch
0855942005985,Canary
0855942005992,Canary
5060455390779,Flyte
0797776881994,Heatzy
3700689800249,Invoxia
3700689800225,Invoxia
5060476770000,Klikr
0785428015507,Mysmarthome
0785428015682,Mysmarthome
0854371005177,Okidokeys
3606480882432,Schneider
3660849507329,Somfy
3660849507312,Somfy
3660849507305,Somfy
3660849508630,Somfy
3660849508647,Somfy
3770000300741,Weenect
0190198928849,Apple
0190198928887,Apple
0190198928856,Apple
0190198928870,Apple
0190198928863,Apple
0190198929006,Apple
0190198928368,Apple
0190198928405,Apple
0190198928467,Apple
0190198928443,Apple
0190198928504,Apple
0190198928528,Apple
0190198928542,Apple
0190198928788,Apple
0190198928818,Apple
0190198928801,Apple
0190198928917,Apple
0190198928900,Apple
0190198928931,Apple
0190198928955,Apple
0190198928948,Apple
0190198928962,Apple
0190198928986,Apple
0190198928641,Apple
0190198928566,Apple
0190198928580,Apple
0190198929037,Apple
0190198929020,Apple
0190198928702,Apple
0190198929044,Apple
0190198929068,Apple
0190198929082,Apple
0190198929051,Apple
0190198515599,Apple
0190198591043,Apple
0190198590817,Apple
0190198516039,Apple
0190198509130,Apple
0190198508867,Apple
0190198517777,Apple
0190198518194,Apple
0190198517562,Apple
0190198518828,Apple
0190198120007,Apple
0190198118608,Apple
0190198516695,Apple
0190198517135,Apple
0190198517357,Apple
3760241950027,Piq
3760241950072,Piq
0816137029971,Fitbit
0816137029100,Fitbit
0811138030025,Fitbit
0811138031794,Fitbit
0753759172015,Garmin
0753759172084,Garmin
0753759177362,Garmin
0753759172091,Garmin
0753759215347,Garmin
0753759210823,Garmin
0753759182397,Garmin
3613560016854,Huawei
6901443262588,Huawei
6901443262151,Huawei
7640158012758,Mykronoz
7640158013113,Mykronoz
7640158013144,Mykronoz
7640158013069,Mykronoz
7640158012703,Mykronoz
0725882034355,Polar
0636926084925,Tom Tom
6970100370331,Xiaomi
6970100370348,Xiaomi
8718699673345,Philips
8718696159194,Philips
8718696164211,Philips
8718696159330,Philips
8718699629335,Philips
8718696168882,Philips
8718699673147,Philips
8718696174586,Philips
8718699630218,Philips
8718696159200,Philips
8718699673369,Philips
8718696548813,Philips
8718696508626,Philips
4250366829784,Gigaset
0636926084987,Tom Tom
0636926076012,Tom Tom
0753759155131,Garmin
0753759157296,Garmin
3483070826515,Mappy
8718291790198,Philips
3660767959668,Brandt
3615993660062,CookingBox
3168430296589,Tefal
3219331579674,Pradel
3700421907762,Kitchen Pro
4009049342283,Emsa
3219335560920,Jean Dubost
3219334835364,Jean Dubost
4009049369921,Emsa
3701071260115,
8437015791050,Fosa
3045380015579,Seb
