EAN,ASIN
9782130617129,2130617123
9782130617167,2130617166
9782130617310,213061731X
9782130617365,2130617360
9782130617372,2130617379
9782130617402,2130617409
9782130617419,2130617417
9782130617501,2130617506
9782130617822,2130617824
9782130617839,2130617832
9782130617846,2130617840
9782130617860,2130617867
9782130617884,2130617883
9782130617907,2130617905
9782130617921,2130617921
9782130617938,213061793X
9782130617952,2130617956
9782130617969,2130617964
9782130617976,2130617972
9782130618003,2130618006
9782130618010,2130618014
9782130618027,2130618022
9782130618034,2130618030
9782130618041,2130618049
9782130618072,2130618073
9782130618089,2130618081
9782130618096,213061809X
9782130618102,2130618103
9782130618126,213061812X
9782130618140,2130618146
9782130618188,2130618189
9782130618195,2130618197
9782130618218,2130618219
9782130618256,2130618251
9782130618270,
9782130618294,2130618294
9782130618300,2130618308
9782130618317,2130618316
9782130618348,2130618340
9782130618379,2130618375
9782130618386,2130618383
9782130618393,2130618391
9782130618409,2130618405
9782130618423,2130618421
9782130618430,213061843X
9782130618447,2130618448
9782130618461,2130618464
9782130618478,2130618472
9782130618485,2130618480
9782130618492,2130618499
9782130618539,2130618537
9782130618546,2130618545
9782130618553,2130618553
9782130618560,2130618561
9782130618584,2130618588
9782130618607,213061860X
9782130618638,2130618634
9782130618645,2130618642
9782130618683,2130618685
9782130618690,2130618693
9782130618706,2130618707
9782130618720,2130618723
9782130618737,2130618731
9782130618805,2130618804
9782130618812,2130618812
9782130618959,2130618952
9782130619031,2130619037
9782130619079,213061907X
9782130619239,2130619231
9782130619321,2130619320
9782130619338,2130619339
9782130619369,2130619363
9782130619444,2130619444
9782130619550,213061955X
9782130619659,2130619657
9782130619680,2130619681
9782130619949,2130619940
9782130619956,2130619959
9782130619963,2130619967
9782130620150,2130620159
9782130620204,2130620205
9782130620365,2130620361
9782130620402,213062040X
9782130620426,2130620426
9782130620464,2130620469
9782130620495,2130620493
9782130620648,2130620647
9782130620679,2130620671
9782130620693,2130620698
9782130620730,2130620736
9782130620846,2130620841
9782130620938,2130620930
9782130621171,2130621171
9782130621201,2130621201
9782130621249,2130621244
9782130621270,2130621279
9782130621300,2130621309
9782130621423,2130621422
9782130621430,2130621430
9782130621447,2130621449
9782130621461,2130621465
9782130621485,2130621481
9782130621591,2130621597
9782130621607,2130621600
9782130621652,2130621651
9782130621669,213062166X
9782130624233,2130624235
9782130624257,2130624251
9782130624288,2130624286
9782130624295,2130624294
9782130624394,2130624391
9782130624400,2130624405
9782130624462,2130624464
9782130624486,2130624480
9782130624516,2130624510
9782130624530,2130624537
9782130624547,2130624545
9782130624585,2130624588
9782130624592,2130624596
9782130624646,2130624642
